Tokenizer,Vocab Size,Num Hidden Layers,Hidden Size,Hidden Act,Hidden Dropout Prob,Intermediate Size,Num Attention Heads,Attention Probs Dropout Prob,Max Sequence Length,Position Embedding Type,Learning Rate,Batch Size,Size,Accuracy,FLOPS,Consumption,Flips
4,3680,4,24,3,0.4,3030,6,0.4,498,2,2,3,2.613158698107538,0.5834553440702782,0.8303944906110832,34212,323
4,4194,5,20,3,0.4,3024,5,0.4,503,2,3,3,2.901536212583179,0.5453879941434846,0.9479821883236826,32468,26
3,3426,5,27,1,0.3,2658,1,0.3,270,2,3,3,3.1915116350614015,0.5801610541727672,0.4933248918684437,5488,281
3,3509,7,20,1,0.2,2432,4,0.2,501,3,3,2,3.2024954521490665,0.5929721815519766,1.0756009867431826,45520,248
3,7815,7,16,1,0.2,2404,4,0.2,274,2,3,3,2.675817771890179,0.5563689604685212,0.4502448290898492,18456,126
4,3761,5,20,1,0.3,2999,5,0.3,508,3,3,2,3.0492583851058828,0.5655197657393851,1.0146724897769932,32047,255
4,3904,7,16,4,0.3,2884,4,0.3,510,2,2,2,3.1558311786527966,0.58601756954612,1.0820364885769291,71727,251
4,4588,8,16,4,0.5,2746,4,0.5,509,2,3,1,3.4199316512485676,0.5585651537335286,1.1787047606035028,84595,189
4,1132,3,162,1,0.4,191,6,0.4,488,3,3,3,3.256479559746944,0.5805270863836017,1.2705092875651756,17579,252
3,3953,10,14,2,0.4,2744,7,0.4,504,2,2,2,3.3262602990286263,0.5406295754026355,1.2375691623918421,156619,0
3,3745,7,20,1,0.2,2355,4,0.2,271,3,2,2,2.9802955074719715,0.5948023426061494,0.4934587064365035,22545,284
3,3611,8,15,1,0.3,2549,5,0.3,502,3,3,1,2.9149999844260903,0.5867496339677891,1.0381656446874905,75613,275
3,3551,7,15,1,0.4,2946,5,0.4,506,2,3,2,2.7312395923017805,0.5534407027818448,0.9510509808345247,53263,108
4,2766,8,15,1,0.2,2588,5,0.2,405,2,3,3,2.7229817508993173,0.5406295754026355,0.7484984847153894,27416,0
3,3772,1,125,3,0.2,296,5,0.2,496,2,3,1,3.003402369910402,0.6017569546120058,0.912782932668122,456,253
3,4356,10,15,2,0.3,2426,5,0.3,502,2,3,2,3.216838068709102,0.5406295754026355,1.1546985418019198,131856,0
3,3406,7,16,1,0.4,2698,2,0.4,499,2,3,2,2.9432727996832226,0.5406295754026355,0.9597868390997084,28202,0
3,3662,7,20,1,0.5,2409,5,0.5,512,2,3,1,3.1468512872922734,0.5406295754026355,1.1029637765386346,54464,0
4,37154,7,18,3,0.3,38,6,0.3,503,1,3,2,2.791205394197124,0.5856515373352855,0.9253572920063386,55472,295
3,4624,8,15,3,0.3,2687,5,0.3,507,2,3,3,2.9618279345564487,0.5406295754026355,1.0488823798373834,87962,0
