Tokenizer,Vocab Size,Num Hidden Layers,Hidden Size,Hidden Act,Hidden Dropout Prob,Intermediate Size,Num Attention Heads,Attention Probs Dropout Prob,Max Sequence Length,Position Embedding Type,Learning Rate,Batch Size,Size,Accuracy,FLOPS,Consumption,Flips
3,3761,2,42,3,0.2,3018,3,0.2,464,3,2,3,2.900310767402865,0.6010248901903368,0.7788970233338401,8356,299
4,1228,7,18,3,0.5,2956,6,0.5,278,2,2,3,3.049735758032483,0.5406295754026355,0.5305616704593936,23636,0
3,4367,10,14,4,0.5,2366,7,0.5,505,2,2,1,2.9290252630650593,0.5406295754026355,1.127248757835086,161929,0
4,3254,9,15,1,0.5,2165,5,0.5,431,2,3,3,2.791721310734485,0.5406295754026355,0.8559124678184907,44694,0
3,3475,10,14,1,0.2,2366,7,0.2,337,2,3,3,2.9332175070320035,0.5402635431918009,0.6886434143736558,52213,0
3,3616,10,14,2,0.2,2571,7,0.2,508,2,3,2,3.1886185100111715,0.5695461200585652,1.218563355481852,142229,168
3,3918,10,14,1,0.2,2237,7,0.2,352,2,3,3,2.9963520323331507,0.5406295754026355,0.7492894558328134,46195,0
4,4132,10,14,1,0.2,2364,7,0.2,267,2,2,2,3.0385346475577317,0.5560029282576867,0.5391025687894752,45937,128
4,3933,2,36,2,0.4,2905,6,0.4,463,2,2,3,2.4717501456526305,0.5856515373352855,0.682483911043832,13603,304
3,4771,10,14,3,0.2,2395,7,0.2,267,2,3,2,2.9877897148370787,0.5560029282576867,0.5290074131333151,43575,136
3,3337,7,18,1,0.2,2436,6,0.2,350,2,3,1,2.6731333804726134,0.5977306002928258,0.6135027008301656,25730,278
3,1989,10,15,1,0.2,2379,5,0.2,279,2,3,3,2.99170967575454,0.5406295754026355,0.5443436493155004,42826,0
3,4779,9,15,3,0.2,2338,5,0.2,510,2,3,2,2.9950120197157353,0.5933382137628112,1.0998958129172867,125620,252
3,3687,10,14,3,0.4,2433,7,0.4,265,3,3,1,2.9763937788813726,0.5406295754026355,0.523267646845523,48373,0
3,3605,7,18,2,0.3,2485,2,0.3,272,2,2,1,2.7533347125355783,0.5874816983894583,0.4498813785065589,17213,274
3,3772,5,20,3,0.5,2964,10,0.5,501,2,3,3,2.91573093334711,0.5406295754026355,1.0206629864022296,43363,0
3,3623,10,15,3,0.2,2371,5,0.2,273,2,2,2,3.087716320643545,0.5911420204978038,0.5424457892162962,45192,305
3,4036,10,15,1,0.3,2348,5,0.3,270,2,3,1,3.1123210644903385,0.5545387994143485,0.5405914090633096,36568,151
3,3237,9,19,1,0.4,1748,1,0.4,508,3,2,3,2.9233163181857806,0.5944363103953147,1.0109722364711298,127434,236
3,3887,6,21,2,0.4,2904,7,0.4,505,2,2,2,3.195852019477582,0.5746705710102489,1.0831522993653484,70586,206
